{"layouts":{"layout-1":{"data":{"layout-restorer:data":{"main":{"dock":{"type":"split-area","orientation":"horizontal","children":[{"type":"tab-area","widgets":["notebook:Guide.ipynb"],"currentIndex":0},{"type":"split-area","orientation":"vertical","children":[{"type":"tab-area","widgets":["terminal:1"],"currentIndex":0},{"type":"tab-area","widgets":["terminal:2"],"currentIndex":0}],"sizes":[0.5,0.5]}],"sizes":[0.5507228315054835,0.44927716849451643]}}}}},"layout-2":{"data":{"layout-restorer:data":{"main":{"dock":{"type":"split-area","orientation":"horizontal","children":[{"type":"tab-area","widgets":["notebook:Guide.ipynb"],"currentIndex":0},{"type":"split-area","orientation":"vertical","children":[{"type":"tab-area","widgets":["editor:REQUIREMENTS.md"],"currentIndex":0},{"type":"split-area","orientation":"horizontal","children":[{"type":"tab-area","widgets":["terminal:1"],"currentIndex":0},{"type":"tab-area","widgets":["terminal:2"],"currentIndex":0}],"sizes":[0.2979929271262103,0.7020070728737897]}],"sizes":[0.6241184767277856,0.3758815232722144]}],"sizes":[0.39919131494405674,0.6008086850559432]}}}}},"layout-3":{"data":{"layout-restorer:data":{"main":{"dock":{"type":"split-area","orientation":"horizontal","children":[{"type":"tab-area","widgets":["notebook:Guide.ipynb"],"currentIndex":0},{"type":"split-area","orientation":"vertical","children":[{"type":"tab-area","widgets":["terminal:1"],"currentIndex":0},{"type":"tab-area","widgets":["terminal:2"],"currentIndex":0}],"sizes":[0.2822362488728584,0.7177637511271415]}],"sizes":[0.5507228315054835,0.4492771684945165]}}}}},"layout-4":{"data":{"layout-restorer:data":{"main":{"dock":{"type":"split-area","orientation":"horizontal","children":[{"type":"tab-area","widgets":["notebook:Guide.ipynb"],"currentIndex":0},{"type":"split-area","orientation":"vertical","children":[{"type":"tab-area","widgets":["editor:REQUIREMENTS.md"],"currentIndex":0},{"type":"split-area","orientation":"horizontal","children":[{"type":"tab-area","widgets":["terminal:1"],"currentIndex":0},{"type":"tab-area","widgets":["terminal:2"],"currentIndex":0}],"sizes":[0.2979929271262103,0.7020070728737897]}],"sizes":[0.6241184767277856,0.3758815232722144]}],"sizes":[0.39919131494405674,0.6008086850559432]}}}}},"layout-5":{"data":{"layout-restorer:data":{"main":{"dock":{"type":"split-area","orientation":"horizontal","children":[{"type":"tab-area","widgets":["notebook:Guide.ipynb"],"currentIndex":0},{"type":"split-area","orientation":"vertical","children":[{"type":"tab-area","widgets":["editor:REQUIREMENTS.md"],"currentIndex":0},{"type":"split-area","orientation":"horizontal","children":[{"type":"tab-area","widgets":["terminal:1"],"currentIndex":0},{"type":"tab-area","widgets":["terminal:2"],"currentIndex":0}],"sizes":[0.2979929271262103,0.7020070728737897]}],"sizes":[0.6241184767277856,0.3758815232722144]}],"sizes":[0.39919131494405674,0.6008086850559432]}}}}},"layout-6":{"data":{"layout-restorer:data":{"main":{"dock":{"type":"split-area","orientation":"horizontal","children":[{"type":"tab-area","widgets":["notebook:Guide.ipynb"],"currentIndex":0},{"type":"split-area","orientation":"vertical","children":[{"type":"tab-area","widgets":["editor:REQUIREMENTS.md"],"currentIndex":0},{"type":"split-area","orientation":"horizontal","children":[{"type":"tab-area","widgets":["terminal:1"],"currentIndex":0},{"type":"tab-area","widgets":["terminal:2"],"currentIndex":0}],"sizes":[0.31556508486850915,0.6844349151314908]}],"sizes":[0.6241184767277856,0.3758815232722144]}],"sizes":[0.39831247728301855,0.6016875227169814]}}}}},"layout-7":{"data":{"layout-restorer:data":{"main":{"dock":{"type":"split-area","orientation":"horizontal","children":[{"type":"tab-area","widgets":["notebook:Guide.ipynb"],"currentIndex":0},{"type":"split-area","orientation":"vertical","children":[{"type":"tab-area","widgets":["editor:README.md"],"currentIndex":0},{"type":"split-area","orientation":"horizontal","children":[{"type":"tab-area","widgets":["terminal:1"],"currentIndex":0},{"type":"tab-area","widgets":["terminal:2"],"currentIndex":0}],"sizes":[0.40494561680766017,0.5950543831923398]}],"sizes":[0.6241184767277856,0.3758815232722144]}],"sizes":[0.3991913149440568,0.6008086850559432]}}}}},"layout-8":{"data":{"layout-restorer:data":{"main":{"dock":{"type":"split-area","orientation":"horizontal","children":[{"type":"tab-area","widgets":["notebook:Guide.ipynb"],"currentIndex":0},{"type":"split-area","orientation":"vertical","children":[{"type":"tab-area","widgets":[],"currentIndex":0},{"type":"split-area","orientation":"horizontal","children":[{"type":"tab-area","widgets":["terminal:1"],"currentIndex":0},{"type":"tab-area","widgets":["terminal:2"],"currentIndex":0}],"sizes":[0.5,0.5]}],"sizes":[0.6241184767277856,0.3758815232722144]}],"sizes":[0.3993020937188434,0.6006979062811565]}}}}},"layout-9":{"data":{"layout-restorer:data":{"main":{"dock":{"type":"split-area","orientation":"horizontal","children":[{"type":"tab-area","widgets":["notebook:Guide.ipynb"],"currentIndex":0},{"type":"split-area","orientation":"vertical","children":[{"type":"tab-area","widgets":[],"currentIndex":0},{"type":"split-area","orientation":"horizontal","children":[{"type":"tab-area","widgets":["terminal:1"],"currentIndex":0},{"type":"tab-area","widgets":["terminal:2"],"currentIndex":0}],"sizes":[0.5,0.5]}],"sizes":[0.6241184767277856,0.3758815232722144]}],"sizes":[0.3993020937188434,0.6006979062811565]}}}}},"layout-10":{"data":{"layout-restorer:data":{"main":{"dock":{"type":"split-area","orientation":"horizontal","children":[{"type":"tab-area","widgets":["notebook:Guide.ipynb"],"currentIndex":0},{"type":"split-area","orientation":"vertical","children":[{"type":"tab-area","widgets":[],"currentIndex":0},{"type":"split-area","orientation":"horizontal","children":[{"type":"tab-area","widgets":["terminal:1"],"currentIndex":0},{"type":"tab-area","widgets":["terminal:2"],"currentIndex":0}],"sizes":[0.5,0.5]}],"sizes":[0.6241184767277856,0.3758815232722144]}],"sizes":[0.3993020937188434,0.6006979062811565]}}}}}},"termTheme":"dark"}